{"results": [{"id": "sample-1", "court": "Supreme Court of Rhode Island", "citation": "123 R.I. 456", "decision_date": "2020-01-15", "name": "Sample Plaintiff v. Sample Defendant", "case_name": "Sample Plaintiff v. Sample Defendant", "jurisdiction": {"name": "Rhode Island"}, "type": "contract", "casebody": {"data": "Sample text"}}, {"id": "sample-2", "court": "Rhode Island Superior Court", "citation": "789 R.I. 101", "decision_date": "2021-03-20", "name": "Another Example Case", "jurisdiction": {"name": "Rhode Island"}, "type": "civil_rights", "casebody": {"data": "Another text"}}]}